Chapter,Family,Name,Amount,Ingredient,Notes
Classic Cocktails,Screwdrivers,Screwdriver,1 oz,vodka,
,,,4 oz,orange juice,
,,,some,ice cubes,ice
,,,1,rocks glass,glass
,,Harvey Wallbanger,1 oz,vodka,
,,,0.5 oz,Galliano,
,,,4 oz,orange juice,
,,,some,ice cubes,ice
,,,1,highball glass,glass
,,Melon Ball,1 oz,vodka,
,,,0.5 oz,Midori melon liqueur,
,,,4 oz,orange juice,
,,,1,melon ball,garnish
,,,some,ice cubes,ice
,,,1,highball glass,glass
,,Fuzzy Navel,1 oz,vodka,
,,,0.5 oz,peach schnapps,
,,,4 oz,orange juice,
,,,some,ice cubes,ice
,,,1,highball glass,glass
,,Green Eyes,1 oz,vodka,
,,,4 oz,orange juice,
,,,0.5 oz,blue curacao,
,,,2,maraschino cherries,garnish
,,,some,ice cubes,ice
,,,1,highball glass,glass
,,Blood Orange Screwdriver,1 oz,vodka,
,,,4 oz,orange juice,
,,,0.5 oz,Campari,
,,,1,blood orange wedge,garnish
,,,some,ice cubes,ice
,,,1,highball glass,glass
,Collins Cocktails,Tom Collins,1.5 oz,gin,
,,,2 oz,lime juice,
,,,0.25 oz,simple syrup,
,,,1 oz,club soda,
,,,1,lime wedge,garnish
,,,some,ice cubes,ice
,,,1,highball glass,glass
,,John Collins,1.5 oz,rye whiskey,
,,,2 oz,lime juice,
,,,0.25 oz,simple syrup,
,,,1 oz,club soda,
,,,1,lime wedge,garnish
,,,some,ice cubes,ice
,,,1,highball glass,glass
,,Juan Collins,1.5 oz,tequila,
,,,2 oz,lime juice,
,,,0.25 oz,simple syrup,
,,,1 oz,club soda,
,,,1,lime wedge,garnish
,,,some,ice cubes,ice
,,,1,highball glass,glass
,,Comrade Collins,1.5 oz,vodka,
,,,2 oz,lime juice,
,,,0.25 oz,simple syrup,
,,,1 oz,club soda,
,,,1,lime wedge,garnish
,,,some,ice cubes,ice
,,,1,highball glass,glass
,,Sandy Collins,1.5 oz,scotch,
,,,2 oz,lime juice,
,,,0.25 oz,simple syrup,
,,,1 oz,club soda,
,,,1,lime wedge,garnish
,,,some,ice cubes,ice
,,,1,highball glass,glass
,,Jack Collins,1.5 oz,applejack liqueur,
,,,2 oz,lime juice,
,,,0.25 oz,simple syrup,
,,,1 oz,club soda,
,,,1,lime wedge,garnish
,,,some,ice cubes,ice
,,,1,highball glass,glass
,,Pedro Collins,1.5 oz,rum,
,,,2 oz,lime juice,
,,,0.25 oz,simple syrup,
,,,1 oz,club soda,
,,,1,lime wedge,garnish
,,,1,highball glass,glass
,,,some,ice cubes,ice
,Cape Cod Cocktails,Cape Cod,1 oz,vodka,
,,,4 oz,red cranberry juice,
,,,1 oz,club soda,
,,,1,lime wedge,garnish
,,,some,ice cubes,ice
,,,1,rocks glass,glass
,,Watermelon,1 oz,vodka,
,,,0.5 oz,Midori melon liqueur,
,,,4 oz,red cranberry juice,
,,,1,melon ball,garnish
,,,some,ice cubes,ice
,,,1,rocks glass,glass
,,Woo Woo,1 oz,vodka,
,,,0.5 oz,peach schnapps,
,,,4 oz,red cranberry juice,
,,,1,lime wedge,garnish
,,,some,ice cubes,ice
,,,1,rocks glass,glass
,,Sex on the Beach,1 oz,vodka,
,,,0.5 oz,peach schnapps,
,,,2 oz,red cranberry juice,
,,,2 oz,orange juice,
,,,1,lime wedge,garnish
,,,some,ice cubes,ice
,,,1,rocks glass,glass
,,Forever Young,1 oz,gin,
,,,4 oz,red cranberry juice,
,,,1 oz,club soda,
,,,1,lime wedge,garnish
,,,some,ice cubes,ice
,,,1,rocks glass,glass
,,Georgia Peach,1 oz,light rum,
,,,0.5 oz,peach schnapps,
,,,4 oz,red cranberry juice,
,,,1,lime wedge,garnish
,,,some,ice cubes,ice
,,,1,rocks glass,glass
,,Greyhound,1 oz,vodka,
,,,4 oz,white grapefruit juice,
,,,1,lemon wedge,garnish
,,,some,ice cubes,ice
,,,1,rocks glass,glass
,,Seabreeze,1 oz,vodka,
,,,2 oz,white grapefruit juice,
,,,2 oz,red cranberry juice,
,,,1,lemon wedge,garnish
,,,some,ice cubes,ice
,,,1,rocks glass,glass
,,Bay Breeze,1 oz,vodka,
,,,2 oz,pineapple juice,
,,,2 oz,red cranberry juice,
,,,1,lime wedge,garnish
,,,some,ice cubes,ice
,,,1,rocks glass,glass
,,Madras,1 oz,vodka,
,,,2 oz,orange juice,
,,,2 oz,red cranberry juice,
,,,1,lime wedge,garnish
,,,some,ice cubes,ice
,,,1,rocks glass,glass
,,Salty Dog,1,salted rim,garnish
,,,1 oz,gin,
,,,4 oz,white grapefruit juice,
,,,1,lemon wedge,garnish
,,,some,ice cubes,ice
,,,1,highball glass,glass
,,Arizona Cooler,1 oz,gin,
,,,2 oz,white grapefruit juice,
,,,2 oz,red cranberry juice,
,,,1,lemon wedge,garnish
,,,some,ice cubes,ice
,,,1,highball glass,glass
,Iced Teas,Long Island Iced Tea,0.5 oz,vodka,
,,,0.5 oz,light rum,
,,,0.5 oz,gin,
,,,0.5 oz,tequila,
,,,0.5 oz,triple sec,
,,,1 oz,lemon juice,
,,,0.5 oz,simple syrup,
,,,5-10 sec,shake,shake
,,,1 oz,cola,
,,,1,lemon wedge,garnish
,,,some,ice cubes,ice
,,,1,highball glass,glass
,,Long Beach Iced Tea,0.5 oz,vodka,
,,,0.5 oz,light rum,
,,,0.5 oz,gin,
,,,0.5 oz,tequila,
,,,0.5 oz,triple sec,
,,,1 oz,lemon juice,
,,,0.5 oz,simple syrup,
,,,5-10 sec,shake,shake
,,,1 oz,red cranberry juice,
,,,1,lime wedge,garnish
,,,some,ice cubes,ice
,,,1,highball glass,glass
,,Miami Beach Iced Tea,0.5 oz,vodka,
,,,0.5 oz,light rum,
,,,0.5 oz,gin,
,,,0.5 oz,tequila,
,,,0.5 oz,blue curacao,
,,,1 oz,lemon juice,
,,,0.5 oz,simple syrup,
,,,5-10 sec,shake,shake
,,,1 oz,lemon-lime soda,
,,,1,lemon wedge,garnish
,,,some,ice cubes,ice
,,,1,highball glass,glass
,,Beverly Hills Iced Tea,0.5 oz,vodka,
,,,0.5 oz,light rum,
,,,0.5 oz,gin,
,,,0.5 oz,tequila,
,,,0.5 oz,triple sec,
,,,1 oz,lemon juice,
,,,0.5 oz,simple syrup,
,,,5-10 sec,shake,shake
,,,1 oz,sparkling white wine,
,,,1,lemon wedge,garnish
,,,some,ice cubes,ice
,,,1,highball glass,glass
,,Gilligan's Island Iced Tea,0.5 oz,vodka,
,,,0.5 oz,light rum,
,,,0.5 oz,gin,
,,,0.5 oz,tequila,
,,,0.5 oz,triple sec,
,,,1 oz,lemon juice,
,,,0.5 oz,simple syrup,
,,,5-10 sec,shake,shake
,,,1 oz,red grape juice,
,,,1,lime wedge,garnish
,,,some,ice cubes,ice
,,,1,highball glass,glass
,,Hawaiian Iced Tea,0.5 oz,vodka,
,,,0.5 oz,light rum,
,,,0.5 oz,gin,
,,,0.5 oz,tequila,
,,,0.5 oz,triple sec,
,,,1 oz,lemon juice,
,,,0.5 oz,simple syrup,
,,,5-10 sec,shake,shake
,,,1 oz,pineapple juice,
,,,1,lime wedge,garnish
,,,some,ice cubes,ice
,,,1,highball glass,glass
,Sours,Whiskey Sour,1.5 oz,rye whiskey,
,,,1.5 oz,lemon juice,
,,,0.5 oz,simple syrup,
,,,0.5,egg white,
,,,4 dashes,bitters,
,,,5-10 sec,shake,shake
,,,1,orange boat,garnish
,,,some,ice cubes,ice
,,,1,rocks glass,glass
,,Bourbon Sour,1.5 oz,bourbon,
,,,1.5 oz,lemon juice,
,,,0.5 oz,simple syrup,
,,,0.5,egg white,
,,,4 dashes,bitters,
,,,5-10 sec,shake,shake
,,,1,orange boat,garnish
,,,some,ice cubes,ice
,,,1,rocks glass,glass
,,Amaretto Sour,1.5 oz,amaretto,
,,,1.5 oz,lemon juice,
,,,0.5 oz,simple syrup,
,,,0.5,egg white,
,,,4 dashes,bitters,
,,,5-10 sec,shake,shake
,,,1,orange boat,garnish
,,,some,ice cubes,ice
,,,1,rocks glass,glass
,,Sloe Gin Fizz,1.5 oz,sloe gin,
,,,1.5 oz,lemon juice,
,,,0.5 oz,simple syrup,
,,,0.5,egg white,
,,,4 dashes,bitters,
,,,1 oz,club soda,
,,,5-10 sec,shake,shake
,,,1,orange boat,garnish
,,,some,ice cubes,ice
,,,1,rocks glass,glass
,,Ramos Gin Fizz,1.5 oz,gin,
,,,1.5 oz,lemon juice,
,,,0.5 oz,simple syrup,
,,,0.5,egg white,
,,,4 dashes,bitters,
,,,1 oz,club soda,
,,,1,lemon wedge,garnish
,,,5-10 sec,shake,shake
,,,some,ice cubes,ice
,,,1,rocks glass,glass
,Champagne Cocktails,Classic Champagne Cocktail,0.5 oz,brandy,
,,,0.5 oz,simple syrup,
,,,2 dashes,bitters,
,,,some,ice cubes,ice
,,,5-10 sec,shake,shake
,,,4 oz,champagne,
,,,1,champagne flute,glass
,,French 75,1 oz,gin,
,,,0.25,lemon,
,,,0.5 oz,simple syrup,
,,,some,ice cubes,ice
,,,5-10 sec,shake,shake
,,,4 oz,champagne,
,,,1,champagne flute,glass
,,Kir Royale,1 oz,Chambord,
,,,4 oz,champagne,
,,,1,blackberry,garnish
,,,1,champagne flute,glass
,,Mimosa,0.5 oz,Cointreau,
,,,1.5 oz,orange juice,
,,,3 oz,champagne,
,,,1,orange spiral,garnish
,,,1,champagne flute,glass
,,Kir,1 oz,Chambord,
,,,5 oz,dry white wine,
,,,1,blackberry,garnish
,,,1,wine glass,glass
,Aperitifs,Americano,1 oz,Campari,
,,,1 oz,sweet vermouth,
,,,2 oz,club soda,
,,,1,orange spiral,garnish
,,,some,ice cubes,ice
,,,1,rocks glass,glass
,,Bronx,1 oz,gin,
,,,0.5 oz,sweet vermouth,
,,,0.5 oz,dry vermouth,
,,,3 oz,orange juice,
,,,some,ice cubes,ice
,,,5-10 sec,shake,shake
,,,1,maraschino cherries,garnish
,,,1,cocktail glass,glass
,,Campari Royal,1 oz,Campari,
,,,1 oz,Grand Marnier,
,,,3 oz,orange juice,
,,,1,orange wheel,garnish
,,,some,ice cubes,ice
,,,1,highball glass,glass
,,Milanese,1 oz,Campari,
,,,0.5 oz,Galliano,
,,,0.5 oz,amaretto,
,,,0.5,lemon,
,,,5-10 sec,shake,shake
,,,1,orange spiral,garnish
,,,some,ice cubes,ice
,,,1,rocks glass,glass
,Digestifs,Moscow Mule,2 oz,vodka,
,,,1 oz,lime juice,
,,,0.5 oz,simple syrup,
,,,3 dashes,bitters,
,,,5-10 sec,shake,shake
,,,3 oz,ginger beer,
,,,1,lime wedge,garnish
,,,some,ice cubes,ice
,,,1,highball glass,glass
,,Sazerac,0.5 oz,Pernod,rinse
,,,2 oz,bourbon,
,,,0.5 oz,simple syrup,
,,,2 dashes,bitters,
,,,some,ice cubes,ice
,,,5-10 sec,shake,shake
,,,1,cocktail glass,glass
,,Pink Gin and Tonic,1.5 oz,gin,
,,,2 dashes,bitters,
,,,2 oz,tonic water,
,,,1,lime wedge,garnish
,,,some,ice cubes,ice
,,,1,rocks glass,glass
,,Old Fashioned,1,orange slice,
,,,2,maraschino cherries,
,,,1,muddle,muddle
,,,2 oz,bourbon,
,,,0.5 oz,simple syrup,
,,,3 dashes,bitters,
,,,1,orange twist,garnish
,,,1,maraschino cherries,garnish
,,,some,ice cubes,ice
,,,1,rocks glass,glass
,Muddled Cocktails,Mojito,12 to 15,mint leaves,
,,,0.5,lime,
,,,0.75 oz,simple syrup,
,,,1,muddle,muddle
,,,2 oz,rum,
,,,some,ice cubes,ice
,,,2 oz,club soda,
,,,1,sprig of mint,garnish
,,,1,highball glass,glass
,,Melon Mojito,3 or 4,1-inch melon chunks,
,,,12 to 15,mint leaves,
,,,0.5,lime,
,,,0.75 oz,simple syrup,
,,,1,muddle,muddle
,,,2 oz,rum,
,,,some,ice cubes,ice
,,,2 oz,club soda,
,,,1,sprig of mint,garnish
,,,1,highball glass,glass
,,Caipirinha,3,lime wedge,
,,,0.75 oz,simple syrup,
,,,1,muddle,muddle
,,,2 oz,cachaca,
,,,some,crushed ice,ice
,,,1,lime wedge,garnish
,,,1,rocks glass,glass
,,Strawberry Caipirinha,3 or 4,strawberries,
,,,3,lime wedge,
,,,0.75 oz,simple syrup,
,,,1,muddle,muddle
,,,2 oz,cachaca,
,,,some,crushed ice,ice
,,,1,lime wedge,garnish
,,,1,rocks glass,glass
,Tomato-Based Cocktails,Bloody Mary,1,salted rim,garnish
,,,1.5 oz,vodka,
,,,2 shakes,Worcestershire sauce,
,,,2 shakes,Tabasco sauce,
,,,3.5 oz,tomato juice,
,,,2 shakes,salt,
,,,2 shakes,pepper,
,,,1,lemon wheel,garnish
,,,some,ice cubes,ice
,,,1,highball glass,glass
,,Bloody Caesar,1,celery salted rim,garnish
,,,1.5 oz,vodka,
,,,2 shakes,Worcestershire sauce,
,,,2 shakes,Tabasco sauce,
,,,3.5 oz,clam-tomato juice,
,,,2 shakes,salt,
,,,2 shakes,pepper,
,,,1,celery stalk,garnish
,,,1,lime wheel,garnish
,,,some,ice cubes,ice
,,,1,highball glass,glass
,,Bloody Bull,1,salted rim,garnish
,,,1.5 oz,vodka,
,,,2 oz,beef bouillon,
,,,2 shakes,Worcestershire sauce,
,,,2 shakes,Tabasco sauce,
,,,2 oz,tomato juice,
,,,2 shakes,salt,
,,,2 shakes,pepper,
,,,1,lime wheel,garnish
,,,some,ice cubes,ice
,,,1,highball glass,glass
,,Bloody Maria,1,salted rim,garnish
,,,1.5 oz,tequila,
,,,2 shakes,Worcestershire sauce,
,,,2 shakes,Tabasco sauce,
,,,3.5 oz,tomato juice,
,,,2 shakes,salt,
,,,2 shakes,pepper,
,,,1,lime wheel,garnish
,,,some,ice cubes,ice
,,,1,highball glass,glass
,,Smokin' Hot Bloody Mary,1,salted rim,garnish
,,,1.5 oz,Absolut Peppar vodka,
,,,2 shakes,Worcestershire sauce,
,,,2 shakes,Tabasco's Habanero sauce,
,,,1 tsp,horseradish,
,,,3.5 oz,tomato juice,
,,,2 shakes,salt,
,,,2 shakes,pepper,
,,,1,jalapeno pepper,garnish
,,,some,ice cubes,ice
,,,1,highball glass,glass
,Tastes of Rye Whiskey,Blue Bomber,12,blueberries,
,,,3,maraschino cherries,
,,,1,muddle,muddle
,,,1.5 oz,rye whiskey,
,,,0.5 oz,cherry brandy,
,,,1 oz,club soda,
,,,1,maraschino cherries,garnish
,,,some,crushed ice,ice
,,,1,rocks glass,glass
,,Ruby Red Rye,1.5 oz,rye whiskey,
,,,2.5 oz,red grapefruit juice,
,,,1 oz,tonic water,
,,,1,orange wheel,garnish
,,,some,ice cubes,ice
,,,1,highball glass,glass
,,Rye and Dry,1.5 oz,rye whiskey,
,,,2.5 oz,ginger ale,
,,,1,lemon wedge,garnish
,,,some,ice cubes,ice
,,,1,rocks glass,glass
,,Classic Hummer,1 oz,rye whiskey,
,,,1 oz,Kahlua,
,,,1 oz,half & half cream,
,,,2 scoops,vanilla ice cream,
,,,1 cup,crushed ice,
,,,1,blender,blend
,,,3,coffee beans,garnish
,,,1,hurricane glass,glass
,Tastes of Irish Whiskey,Dublin Peach,1 oz,Irish whiskey,
,,,0.5 oz,vanilla vodka,
,,,0.5 oz,amaretto,
,,,1 oz,peach puree,
,,,0.5 oz,lemon juice,
,,,0.5 oz,simple syrup,
,,,5-10 sec,shake,shake
,,,1,peach slice,garnish
,,,some,ice cubes,ice
,,,1,rocks glass,glass
,,Rugburn,6,raspberries,
,,,1,muddle,muddle
,,,1.5 oz,Irish whiskey,
,,,0.5 oz,Chambord,
,,,0.5 oz,lemon juice,
,,,0.5 oz,simple syrup,
,,,2 oz,red cranberry juice,
,,,3,raspberries,garnish
,,,some,crushed ice,ice
,,,1,highball glass,glass
,,Dr. J,1.5 oz,Irish whiskey,
,,,0.5 oz,vanilla vodka,
,,,0.5,lime,
,,,5-10 sec,shake,shake
,,,3 oz,ginger ale,
,,,1,lime wedge,garnish
,,,some,ice cubes,ice
,,,1,highball glass,glass
,,That's a Corker,0.5,diced lemon,
,,,1,muddle,muddle
,,,1.5 oz,Irish whiskey,
,,,0.5 oz,Galliano,
,,,0.25,lemon,
,,,0.5 oz,simple syrup,
,,,some,crushed ice,ice
,,,1,rocks glass,glass
Summer Sippers,Sun & Sand Cocktails,Rum Runner,0.5 oz,light rum,
,,,0.5 oz,Chambord,
,,,0.5 oz,banana liqueur,
,,,3 oz,pineapple juice,
,,,1 oz,lime juice,
,,,0.5 oz,grenadine,
,,,5-10 sec,shake,shake
,,,1,pineapple flag,garnish
,,,some,ice cubes,ice
,,,1,hurricane glass,glass
,,Planter's Punch,1.5 oz,light rum,
,,,4 oz,pineapple juice,
,,,0.5 oz,grenadine,
,,,5-10 sec,shake,shake
,,,1,maraschino cherries,garnish
,,,some,ice cubes,ice
,,,1,highball glass,glass
,,Mai Tai,0.5 oz,light rum,
,,,0.5 oz,Grand Marnier,
,,,0.5 oz,amaretto,
,,,3 oz,pineapple juice,
,,,1 oz,lime juice,
,,,5-10 sec,shake,shake
,,,1,pineapple wedge,garnish
,,,some,ice cubes,ice
,,,1,hurricane glass,glass
,,Blue Lagoon,1 oz,light rum,
,,,0.5 oz,blue curacao,
,,,2 oz,pineapple juice,
,,,2 oz,lime juice,
,,,5-10 sec,shake,shake
,,,1,orange boat,garnish
,,,some,ice cubes,ice
,,,1,highball glass,glass
,Drinks to Beat the Heat,Bartender's Root Beer,1 oz,Kahlua,
,,,0.5 oz,Galliano,
,,,3 oz,cola,
,,,1 oz,club soda,
,,,some,ice cubes,ice
,,,1,highball glass,glass
,,Cuba Libre,1.5 oz,rum,
,,,3.5 oz,cola,
,,,0.25 oz,lime juice,
,,,1,lime wedge,garnish
,,,some,ice cubes,ice
,,,1,rocks glass,glass
,,Texas Tea,0.5 oz,tequila,
,,,0.5 oz,rum,
,,,0.5 oz,triple sec,
,,,0.5,lemon,
,,,0.5 oz,simple syrup,
,,,5-10 sec,shake,shake
,,,2 oz,cola,
,,,1,lemon wedge,garnish
,,,some,ice cubes,ice
,,,1,highball glass,glass
,,Lynchburg Lemonade,1 oz,Jack Daniel's,
,,,0.5 oz,triple sec,
,,,0.25,lemon,
,,,0.5 oz,simple syrup,
,,,5-10 sec,shake,shake
,,,2.5 oz,lemon-lime soda,
,,,1,lemon wedge,garnish
,,,some,ice cubes,ice
,,,1,highball glass,glass
,Dangerous Cocktails,Killer Kool-aid,0.5 oz,vodka,
,,,0.5 oz,Midori melon liqueur,
,,,0.5 oz,amaretto,
,,,4 oz,red cranberry juice,
,,,1,lime wheel,garnish
,,,some,ice cubes,ice
,,,1,highball glass,glass
,,Hurricane,0.5 oz,light rum,
,,,0.5 oz,dark rum,
,,,0.5 oz,Galliano,
,,,2 oz,orange juice,
,,,1 oz,pineapple juice,
,,,1 oz,lime juice,
,,,5-10 sec,shake,shake
,,,1,lime wheel,garnish
,,,some,ice cubes,ice
,,,1,hurricane glass,glass
,,Zombie,0.5 oz,light rum,
,,,0.5 oz,dark rum,
,,,0.5 oz,Grand Marnier,
,,,2 oz,orange juice,
,,,2 oz,pineapple juice,
,,,0.5 oz,grenadine,
,,,5-10 sec,shake,shake
,,,1,pineapple flag,garnish
,,,some,ice cubes,ice
,,,1,highball glass,glass
,,Scorpion,0.5 oz,light rum,
,,,0.5 oz,cognac,
,,,0.5 oz,amaretto,
,,,3 oz,orange juice,
,,,1 oz,lime juice,
,,,5-10 sec,shake,shake
,,,1,orange flag,garnish
,,,some,ice cubes,ice
,,,1,highball glass,glass
,,Big Fella,0.5 oz,vodka,
,,,0.5 oz,Southern Comfort,
,,,0.5 oz,amaretto,
,,,4 oz,red cranberry juice,
,,,1,lime wheel,garnish
,,,some,ice cubes,ice
,,,1,highball glass,glass
,Global Sunshine Cocktails,Singapore Sling,1.5 oz,gin,
,,,2 oz,orange juice,
,,,1 oz,lime juice,
,,,0.5 oz,grenadine,
,,,1 oz,club soda,
,,,1,orange flag,garnish
,,,some,ice cubes,ice
,,,1,highball glass,glass
,,Bahama Mama,1 oz,light rum,
,,,0.5 oz,Malibu rum,
,,,2 oz,orange juice,
,,,2 oz,pineapple juice,
,,,5-10 sec,shake,shake
,,,1,pineapple flag,garnish
,,,some,ice cubes,ice
,,,1,highball glass,glass
,,Alabama Slammer,0.5 oz,vodka,
,,,0.5 oz,Southern Comfort,
,,,0.5 oz,amaretto,
,,,4 oz,orange juice,
,,,0.5 oz,grenadine,
,,,5-10 sec,shake,shake
,,,1,maraschino cherries,garnish
,,,some,ice cubes,ice
,,,1,highball glass,glass
,,Blue Hawaiian,1 oz,Malibu rum,
,,,0.5 oz,blue curacao,
,,,3 oz,pineapple juice,
,,,1 oz,lime juice,
,,,5-10 sec,shake,shake
,,,1,orange flag,garnish
,,,some,ice cubes,ice
,,,1,highball glass,glass
,Tastes of Rum,Raggae Rum Punch,1.5 oz,dark rum,
,,,0.5 oz,Chambord,
,,,2 oz,orange juice,
,,,2 oz,pineapple juice,
,,,0.5,lime,
,,,5-10 sec,shake,shake
,,,some,ice cubes,ice
,,,1,pineapple flag,garnish
,,,1,highball glass,glass
,,Bacardi Cocktail,2 oz,Bacardi light rum,
,,,1 oz,lime juice,
,,,1 oz,water,
,,,0.5 oz,grenadine,
,,,some,ice cubes,ice
,,,5-10 sec,shake,shake
,,,1,maraschino cherries,garnish
,,,1,cocktail glass,glass
,,Pain Killer,1.5 oz,dark rum,
,,,0.5 oz,Malibu coconut rum,
,,,2 oz,orange juice,
,,,2 oz,pineapple juice,
,,,5-10 sec,shake,shake
,,,some,ice cubes,ice
,,,1,pineapple wedge,garnish
,,,1,highball glass,glass
,,Reef Juice,1.5 oz,dark rum,
,,,0.5 oz,banana liqueur,
,,,3 oz,pineapple juice,
,,,0.5,lime,
,,,0.5 oz,grenadine,
,,,5-10 sec,shake,shake
,,,some,ice cubes,ice
,,,1,highball glass,glass
,Tastes of Tequila,Tequlia Sunrise,0.5 oz,grenadine,
,,,1.5 oz,tequila,
,,,4 oz,orange juice,
,,,some,ice cubes,ice
,,,1,highball glass,glass
,,Freddy Fudpucker,1 oz,tequila,
,,,0.5 oz,Galliano,
,,,4 oz,orange juice,
,,,1,maraschino cherries,garnish
,,,some,ice cubes,ice
,,,1,highball glass,glass
,,Mayan,1.5 oz,tequila,
,,,0.5 oz,Kahlua,
,,,2 oz,pineapple juice,
,,,5-10 sec,shake,shake
,,,3,espresso beans,garnish
,,,some,ice cubes,ice
,,,1,rocks glass,glass
,,Mexican Mule,2 oz,tequila,
,,,0.5,lime,
,,,0.5 oz,simple syrup,
,,,5-10 sec,shake,shake
,,,3 oz,ginger beer,
,,,1,lime wedge,garnish
,,,some,ice cubes,ice
,,,1,highball glass,glass
,Tastes of Bourbon,Ward 8,2 oz,bourbon,
,,,1 oz,orange juice,
,,,0.5,lemon,
,,,0.5 oz,grenadine,
,,,some,ice cubes,ice
,,,5-10 sec,shake,shake
,,,1,maraschino cherries,garnish
,,,1,cocktail glass,glass
,,Kentucky Colonel,1 oz,bourbon,
,,,0.5 oz,Southern Comfort,
,,,0.5 oz,triple sec,
,,,2 oz,orange juice,
,,,0.5,lemon,
,,,0.5 oz,simple syrup,
,,,5-10 sec,shake,shake
,,,1,maraschino cherries,garnish
,,,some,ice cubes,ice
,,,1,highball glass,glass
,,Bourbon Smash,12,raspberries,
,,,6,mint leaves,
,,,1,muddle,muddle
,,,2 oz,bourbon,
,,,2 oz,red cranberry juice,
,,,0.5,lime,
,,,0.5 oz,simple syrup,
,,,1 sprig,mint leaves,garnish
,,,some,crushed ice,ice
,,,1,highball glass,glass
,,Mississippi Punch,1.5 oz,bourbon,
,,,0.5 oz,brandy,
,,,3 oz,water,
,,,0.25,lemon,
,,,0.5 oz,simple syrup,
,,,5-10 sec,shake,shake
,,,1,orange slice,garnish
,,,some,ice cubes,ice
,,,1,highball glass,glass
"Daiquiris, Coladas, & Margaritas",Frozen Daiquiris,Frozen Lime Daiquiri,1.5 oz,light rum,
,,,3 oz,lime juice,
,,,0.5 oz,lime cordial,
,,,0.5 oz,simple syrup,
,,,1 cup,crushed ice,
,,,1,blender,blend
,,,1,lime wheel,garnish
,,,1,hurricane glass,glass
,,Frozen Strawberry Daiquiri,1,superfine sugar rim,garnish
,,,1.5 oz,light rum,
,,,4,strawberries,
,,,1 oz,lime juice,
,,,0.5 oz,lime cordial,
,,,0.5 oz,simple syrup,
,,,1 cup,crushed ice,
,,,1,blender,blend
,,,1,lime wheel,garnish
,,,1,hurricane glass,glass
,,Frozen Banana Daiquiri,1.5 oz,light rum,
,,,0.5,banana,
,,,1 oz,lime juice,
,,,0.5 oz,lime cordial,
,,,0.5 oz,simple syrup,
,,,1 cup,crushed ice,
,,,1,blender,blend
,,,1,banana slice,garnish
,,,1,hurricane glass,glass
,,Frozen Pineapple Daiquiri,1.5 oz,light rum,
,,,1,pineapple ring,
,,,1 oz,lime juice,
,,,0.5 oz,lime cordial,
,,,0.5 oz,simple syrup,
,,,1 cup,crushed ice,
,,,1,blender,blend
,,,1,pineapple wedge,garnish
,,,1,hurricane glass,glass
,Daiquiris on the Rocks,Raspberry Dairquiri,1,superfine sugar rim,garnish
,,,1 oz,light rum,
,,,0.5 oz,Chambord,
,,,2 oz,lime juice,
,,,1 oz,lime cordial,
,,,0.5 oz,simple syrup,
,,,5-10 sec,shake,shake
,,,3,raspberries,garnish
,,,some,crushed ice,ice
,,,1,margarita glass,glass
,,Melon Daiquiri,1 oz,light rum,
,,,0.5 oz,Midori melon liqueur,
,,,2 oz,lime juice,
,,,1 oz,lime cordial,
,,,0.5 oz,simple syrup,
,,,5-10 sec,shake,shake
,,,1,melon slice,garnish
,,,some,crushed ice,ice
,,,1,margarita glass,glass
,,Peach Daiquiri,1 oz,light rum,
,,,0.5 oz,peach schnapps,
,,,2 oz,lime juice,
,,,1 oz,lime cordial,
,,,0.5 oz,simple syrup,
,,,5-10 sec,shake,shake
,,,1,peach slice,garnish
,,,some,crushed ice,ice
,,,1,margarita glass,glass
,,Pear Daiquiri,1 oz,light rum,
,,,0.5 oz,pear liqueur,
,,,2 oz,lime juice,
,,,1 oz,lime cordial,
,,,0.5 oz,simple syrup,
,,,5-10 sec,shake,shake
,,,1,pear slice,garnish
,,,some,crushed ice,ice
,,,1,margarita glass,glass
,Frozen Coladas,Pina Colada,1.5 oz,light rum,
,,,2 oz,pineapple juice,
,,,1 oz,half & half cream,
,,,1 oz,coconut cream,
,,,1 cup,crushed ice,
,,,1,blender,blend
,,,1,pineapple flag,garnish
,,,1,hurricane glass,glass
,,Strawberry Colada,1.5 oz,light rum,
,,,2 oz,pineapple juice,
,,,4,strawberries,
,,,1 oz,half & half cream,
,,,1 oz,coconut cream,
,,,1 cup,crushed ice,
,,,1,blender,blend
,,,1,strawberries,garnish
,,,1,hurricane glass,glass
,,Banana Colada,1.5 oz,light rum,
,,,2 oz,pineapple juice,
,,,0.5,banana,
,,,1 oz,half & half cream,
,,,1 oz,coconut cream,
,,,1 cup,crushed ice,
,,,1,blender,blend
,,,1,banana slice,garnish
,,,1,hurricane glass,glass
,,Peach Colada,1.5 oz,light rum,
,,,2 oz,pineapple juice,
,,,0.25,peach,
,,,1 oz,half & half cream,
,,,1 oz,coconut cream,
,,,1 cup,crushed ice,
,,,1,blender,blend
,,,1,peach slice,garnish
,,,1,hurricane glass,glass
,,Mocha Colada,1 oz,light rum,
,,,0.5 oz,Kahlua,
,,,2 oz,pineapple juice,
,,,1 oz,half & half cream,
,,,1 oz,coconut cream,
,,,1 cup,crushed ice,
,,,1,blender,blend
,,,1,maraschino cherries,garnish
,,,1,hurricane glass,glass
,,Chi Chi,1.5 oz,vodka,
,,,2 oz,pineapple juice,
,,,1 oz,half & half cream,
,,,1 oz,coconut cream,
,,,1 cup,crushed ice,
,,,1,blender,blend
,,,1,pineapple flag,garnish
,,,1,hurricane glass,glass
,Margaritas,Lime Margarita on the Rocks,1,salted rim,garnish
,,,1,margarita glass,glass
,,,some,crushed ice,ice
,,,1 oz,tequila,
,,,0.5 oz,triple sec,
,,,2 oz,lime juice,
,,,1 oz,lime cordial,
,,,0.5 oz,simple syrup,
,,,5-10 sec,shake,shake
,,,1,lime wedge,garnish
,,Strawberry Margarita on the Rocks,1,superfine sugar rim,garnish
,,,1,margarita glass,glass
,,,some,crushed ice,ice
,,,4,strawberries,
,,,1,muddle,muddle
,,,1 oz,tequila,
,,,0.5 oz,triple sec,
,,,2 oz,lime juice,
,,,1 oz,lime cordial,
,,,0.5 oz,simple syrup,
,,,5-10 sec,shake,shake
,,,1,lime wedge,garnish
,,Frozen Raspberry Margarita,1,superfine sugar rim,garnish
,,,1,margarita glass,glass
,,,12,raspberries,
,,,1 oz,tequila,
,,,0.5 oz,triple sec,
,,,2 oz,lime juice,
,,,1 oz,lime cordial,
,,,0.5 oz,simple syrup,
,,,1 cup,crushed ice,
,,,1,blender,blend
,,,3,raspberries,garnish
,,Frozen Peach Margarita,0.25,peach,
,,,1 oz,tequila,
,,,0.5 oz,triple sec,
,,,2 oz,lime juice,
,,,1 oz,lime cordial,
,,,0.5 oz,simple syrup,
,,,1 cup,crushed ice,
,,,1,blender,blend
,,,1,peach slice,garnish
,,,1,margarita glass,glass
,,Italian Margarita,1,salted rim,garnish
,,,1 oz,tequila,
,,,0.5 oz,amaretto,
,,,2 oz,lime juice,
,,,1 oz,lime cordial,
,,,0.5 oz,simple syrup,
,,,5-10 sec,shake,shake
,,,1,lime wedge,garnish
,,,some,crushed ice,ice
,,,1,margarita glass,glass
Frozen Drinks & Creamy Cocktails,Creamy Cocktails,Creme Brule,1,rocks glass,glass
,,,some,ice cubes,ice
,,,1 oz,vanilla vodka,
,,,0.5 oz,butterscotch schnapps,
,,,2 oz,half & half cream,
,,,0.5 oz,simple syrup,
,,,0.5,egg white,
,,,5-10 sec,shake,shake
,,,some,cinammon,garnish
,,Jamaican Bobsled,1,rocks glass,glass
,,,some,ice cubes,ice
,,,1 oz,spiced rum,
,,,0.5 oz,Tia Maria,
,,,2 oz,half & half cream,
,,,5-10 sec,shake,shake
,,,1,maraschino cherries,garnish
,,Strawberry Shortcake,1 oz,vanilla vodka,
,,,1 oz,amaretto,
,,,4,strawberries,
,,,2 scoops,vanilla ice cream,
,,,1 cup,crushed ice,
,,,1,blender,blend
,,,1,hurricane glass,glass
,,,1,strawberries,garnish
,,Kid in a Candy Store,1 oz,Chambord,
,,,0.5 oz,amaretto,
,,,0.5 oz,Baileys,
,,,4,Oreo cookies,
,,,6,maraschino cherries,
,,,2 scoops,vanilla ice cream,
,,,1 cup,crushed ice,
,,,1,blender,blend
,,,1,hurricane glass,glass
,,,1,maraschino cherries,garnish
,Kahlua Cocktails,Brown Cow,1,rocks glass,glass
,,,some,ice cubes,ice
,,,1.5 oz,Kahlua,
,,,2.5 oz,half & half cream,
,,,1,maraschino cherries,garnish
,,Mudslide,1,rocks glass,glass
,,,some,ice cubes,ice
,,,1.5 oz,vodka,
,,,0.5 oz,Kahlua,
,,,0.5 oz,Baileys,
,,,2 oz,half & half cream,
,,,1,maraschino cherries,garnish
,,Toasted Almond,1,rocks glass,glass
,,,some,ice cubes,ice
,,,1.5 oz,amaretto,
,,,1 oz,Kahlua,
,,,2 oz,half & half cream,
,,,1,maraschino cherries,garnish
,,Butterscotch Mocha Bliss,1,rocks glass,glass
,,,some,ice cubes,ice
,,,1.5 oz,Kahlua,
,,,1 oz,butterscotch schnapps,
,,,2 oz,half & half cream,
,,,1,maraschino cherries,garnish
,,Friar Tuck,1,rocks glass,glass
,,,some,ice cubes,ice
,,,1.5 oz,Frangelico,
,,,1 oz,Kahlua,
,,,2 oz,half & half cream,
,,,1,maraschino cherries,garnish
,Frozen Drinks I,Chocolate Strawberry Blizzard,1.5 oz,Kahlua,
,,,2 oz,half & half cream,
,,,1 oz,chocolate syrup,
,,,2 scoops,vanilla ice cream,
,,,1 cup,crushed ice,
,,,2,strawberries,
,,,1,blender,blend
,,,1,hurricane glass,glass
,,,1,chocolate-dipped strawberry,garnish
,,Death by Chocolate,1 oz,dark creme de cacao,
,,,0.5 oz,Baileys,
,,,2 oz,half & half cream,
,,,2 scoops,chocolate ice cream,
,,,1 cup,crushed ice,
,,,1,blender,blend
,,,1,hurricane glass,glass
,,,1,maraschino cherries,garnish
,,Banana Sandwich,1 oz,light rum,
,,,0.5 oz,banana liqueur,
,,,2 oz,half & half cream,
,,,2 scoops,vanilla ice cream,
,,,1 cup,crushed ice,
,,,3,Oreo cookies,
,,,0.5,banana,
,,,1,blender,blend
,,,1,hurricane glass,glass
,,,1,Oreo cookies,garnish
,,Banana Boat,1 oz,light rum,
,,,0.5 oz,banana liqueur,
,,,0.5 oz,white creme de cacao,
,,,2 oz,half & half cream,
,,,2 scoops,vanilla ice cream,
,,,1 cup,crushed ice,
,,,0.5,banana,
,,,1,blender,blend
,,,1,hurricane glass,glass
,,,1,banana slice,garnish
,Frozen Drinks II,Barnumint Bailey,0.75 oz,Baileys,
,,,0.75 oz,green creme de menthe,
,,,2 oz,half & half cream,
,,,2 scoops,vanilla ice cream,
,,,3,Oreo cookies,
,,,1 cup,crushed ice,
,,,1,blender,blend
,,,1,hurricane glass,glass
,,,1,Oreo cookies,garnish
,,FBI,0.5 oz,Baileys,
,,,0.5 oz,Kahlua,
,,,0.5 oz,vodka,
,,,2 oz,half & half cream,
,,,2 scoops,vanilla ice cream,
,,,1 cup,crushed ice,
,,,1,blender,blend
,,,1,hurricane glass,glass
,,,1,maraschino cherries,garnish
,,Frozen Mudslide,0.5 oz,Baileys,
,,,0.5 oz,Kahlua,
,,,0.5 oz,vodka,
,,,2 oz,half & half cream,
,,,2 scoops,vanilla ice cream,
,,,1 cup,crushed ice,
,,,1,blender,blend
,,,1 oz,chocolate syrup,
,,,1,hurricane glass,glass
,,Honey Bunny,0.5 oz,Baileys,
,,,0.5 oz,Frangelico,
,,,0.5 oz,vanilla vodka,
,,,2 oz,half & half cream,
,,,2 scoops,vanilla ice cream,
,,,1 cup,crushed ice,
,,,1,blender,blend
,,,1 oz,honey,
,,,1,hurricane glass,glass
,Frozen Drinks III,Cocobanana,0.5 oz,dark creme de cacao,
,,,0.5 oz,banana liqueur,
,,,0.5 oz,amaretto,
,,,2 oz,half & half cream,
,,,2 scoops,vanilla ice cream,
,,,1 cup,crushed ice,
,,,0.5,banana,
,,,1,blender,blend
,,,1,hurricane glass,glass
,,,1,banana slice,garnish
,,Brazilian Monk,0.5 oz,dark creme de cacao,
,,,0.5 oz,Frangelico,
,,,0.5 oz,Kahlua,
,,,2 oz,half & half cream,
,,,2 scoops,vanilla ice cream,
,,,1 cup,crushed ice,
,,,1,blender,blend
,,,1,hurricane glass,glass
,,,1,maraschino cherries,garnish
,,Dreamsicle,1 oz,white creme de cacao,
,,,1 oz,triple sec,
,,,1 oz,half & half cream,
,,,1 scoop,vanilla ice cream,
,,,1 scoop,orange sherbet,
,,,1 cup,crushed ice,
,,,1,blender,blend
,,,1,hurricane glass,glass
,,,1,orange boat,garnish
,,Smile When You're Blue,1 oz,light rum,
,,,1 oz,blue curacao,
,,,2 oz,half & half cream,
,,,2 scoops,vanilla ice cream,
,,,1 cup,crushed ice,
,,,12,blueberries,
,,,1,blender,blend
,,,1,hurricane glass,glass
,,,1,orange boat,garnish
Alcohol-Free Cocktails,Citrus Mocktails,Homemade Lemonade,0.5,lemon zest,
,,,1.5 oz,simple syrup,
,,,4 oz,boiling water,
,,,4 oz,ice-cold water,
,,,1 oz,lemon juice,
,,,1,highball glass,glass
,,,1,lemon wheel,garnish
,,Virgin Caipirinha,0.5,lemon,
,,,0.5,lime,
,,,0.5,mandarin orange,
,,,0.5 oz,simple syrup,
,,,1,highball glass,glass
,,,1,muddle,muddle
,,,some,crushed ice,ice
,,,6 oz,ginger ale,
,,,1 sprig,mint,garnish
,,Virgin Seabreeze,1,highball glass,glass
,,,some,ice cubes,ice
,,,3 oz,red cranberry juice,
,,,3 oz,white grapefruit juice,
,,,0.5 oz,grenadine,
,,,5-10 sec,shake,shake
,,,1,lime wheel,garnish
,,Shirley Temple,1,highball glass,glass
,,,some,ice cubes,ice
,,,0.25,lime,
,,,6 oz,ginger ale,
,,,0.5 oz,grenadine,
,,,1,maraschino cherries,garnish
,,Homemade Limeade,0.5,lime zest,
,,,1.5 oz,simple syrup,
,,,4 oz,boiling water,
,,,4 oz,ice-cold water,
,,,1 oz,lime juice,
,,,1,highball glass,glass
,,,1,lemon wheel,garnish
,Cranberry-Based Mocktails,Virgin Madras,1,highball glass,glass
,,,some,ice cubes,ice
,,,3 oz,red cranberry juice,
,,,3 oz,orange juice,
,,,5-10 sec,shake,shake
,,,1,lime wheel,garnish
,,Shakers Dream,1,highball glass,glass
,,,some,ice cubes,ice
,,,3 oz,lemonade,
,,,2 oz,red cranberry juice,
,,,2 oz,pineapple juice,
,,,5-10 sec,shake,shake
,,,1,lime wheel,garnish
,,Cranberry Pucker,1,highball glass,glass
,,,some,ice cubes,ice
,,,3 oz,lemonade,
,,,3 oz,red cranberry juice,
,,,5-10 sec,shake,shake
,,,1 oz,club soda,
,,,1,lemon wheel,garnish
,,Berry Sweetheart,1,highball glass,glass
,,,some,ice cubes,ice
,,,3 oz,red cranberry juice,
,,,3 oz,apple juice,
,,,1 oz,honey,
,,,1,maraschino cherries,garnish
,Tropical Mocktails,Virgin Strawberry Sling,1,highball glass,glass
,,,some,ice cubes,ice
,,,2 oz,apple juice,
,,,2 oz,pineapple juice,
,,,1 oz,strawberry puree,
,,,5-10 sec,shake,shake
,,,1 oz,club soda,
,,,1,strawberries,garnish
,,Virgin Singapore Sling,1,highball glass,glass
,,,some,ice cubes,ice
,,,2 oz,orange juice,
,,,2 oz,pineapple juice,
,,,1 oz,lime juice,
,,,5-10 sec,shake,shake
,,,6 oz,club soda,
,,,0.25 oz,grenadine,
,,,1,maraschino cherries,garnish
,,Tropical Ale,1,highball glass,glass
,,,some,ice cubes,ice
,,,3 oz,pineapple juice,
,,,3 oz,ginger ale,
,,,0.5 oz,grenadine,
,,,1,maraschino cherries,garnish
,,Pineapple Passion,1,highball glass,glass
,,,some,ice cubes,ice
,,,2 oz,pineapple juice,
,,,2 oz,orange juice,
,,,2 oz,lemonade,
,,,0.5 oz,grenadine,
,,,5-10 sec,shake,shake
,,,1,maraschino cherries,garnish
,Elegant Mocktails,Virgin Cosmopolitan,some,ice cubes,ice
,,,4 oz,red cranberry juice,
,,,0.5 oz,lime cordial,
,,,0.5,lime,
,,,0.25,orange,
,,,5-10 sec,shake,shake
,,,1,cocktail glass,glass
,,,1,orange spiral,garnish
,,Virgin Lychee-tini,some,ice cubes,ice
,,,2 oz,apple juice,
,,,2 oz,red cranberry juice,
,,,1 oz,lychee juice,
,,,1 oz,lime juice,
,,,5-10 sec,shake,shake
,,,1,cocktail glass,glass
,,,1,lychee,garnish
,,Virgin Bellini,2 oz,peach puree,
,,,1,champagne flute,glass
,,,4 oz,alcohol-free sparkling white wine,
,,,1,peach slice,garnish
,,Virgin Mojito,0.5 oz,lime juice,
,,,0.5 oz,simple syrup,
,,,8 to 10,mint leaves,
,,,1,rocks glass,glass
,,,1,muddle,muddle
,,,some,crushed ice,ice
,,,6 oz,club soda,
,,,1 sprig,mint,garnish
,,Virgin Metropolitan,some,ice cubes,ice
,,,4 oz,red cranberry juice,
,,,0.5 oz,black currant cordial,
,,,0.5,lime,
,,,0.25,orange,
,,,5-10 sec,shake,shake
,,,1,cocktail glass,glass
,,,1,orange spiral,garnish
,,Virgin Strawberry Bellini,2 oz,strawberry puree,
,,,1,champagne flute,glass
,,,4 oz,alcohol-free sparkling white wine,
,,,1,strawberries,garnish
,Wine-Based Mocktails,Virgin Wine Spritzer,some,ice cubes,ice
,,,1,wine glass,glass
,,,4 oz,alcohol-free white wine,
,,,2 oz,club soda,
,,,1,lime wedge,garnish
,,Virgin Wine Cooler,some,ice cubes,ice
,,,1,wine glass,glass
,,,4 oz,alcohol-free white wine,
,,,2 oz,lemon-lime soda,
,,,1,lime wedge,garnish
,,Virgin Morning Glory,2 oz,orange juice,
,,,1,champagne flute,glass
,,,4 oz,alcohol-free sparkling white wine,
,,,1,orange spiral,garnish
,,Virgin Sangria,2.5 oz,alcohol-free red wine,
,,,0.4 oz,red cranberry juice,
,,,0.4 oz,orange juice,
,,,0.2 oz,lime juice,
,,,0.15 oz,simple syrup,
,,,0.1,apple,
,,,0.1,pear,
,,,0.1,orange,
,,,0.1,lemon,
,,,0.1,lime,
,,,some,ice cubes,ice
,,,1,highball glass,glass
,Tomato-Based Mocktails,Virgin Bloody Mary,1,salted rim,garnish
,,,1,highball glass,glass
,,,some,ice cubes,ice
,,,6 oz,tomato juice,
,,,2 shakes,Worcestershire sauce,
,,,2 shakes,Tabasco sauce,
,,,2 shakes,salt,
,,,2 shakes,pepper,
,,,1,lemon wheel,garnish
,,Virgin Bloody Caesar,1,celery salted rim,garnish
,,,1,highball glass,glass
,,,some,ice cubes,ice
,,,6 oz,clam-tomato juice,
,,,2 shakes,Worcestershire sauce,
,,,2 shakes,Tabasco sauce,
,,,2 shakes,salt,
,,,2 shakes,pepper,
,,,1,celery stalk,garnish
,,,1,lime wheel,garnish
,Frozen Mocktails I,Virgin Pina Colada,2 oz,pineapple juice,
,,,2 oz,coconut cream,
,,,1 oz,half & half cream,
,,,1 cup,crushed ice,
,,,1,blender,blend
,,,1,highball glass,glass
,,,1,pineapple flag,garnish
,,Virgin Strawberry Colada,2 oz,pineapple juice,
,,,1 oz,coconut cream,
,,,1 oz,half & half cream,
,,,2 oz,strawberry puree,
,,,1 cup,crushed ice,
,,,1,blender,blend
,,,1,highball glass,glass
,,,1,strawberries,garnish
,,Virgin Strawberry Daiquiri,3 oz,strawberry puree,
,,,3 oz,lime juice,
,,,0.5 oz,simple syrup,
,,,1 cup,crushed ice,
,,,1,blender,blend
,,,1,highball glass,glass
,,,1,strawberries,garnish
,,Virgin Miami Vice,1 oz,pineapple juice,
,,,1 oz,coconut cream,
,,,0.5 oz,half & half cream,
,,,1.5 oz,strawberry puree,
,,,1.5 oz,lime juice,
,,,0.25 oz,simple syrup,
,,,1 cup,crushed ice,
,,,1,blender,blend
,,,1,highball glass,glass
,,,1,strawberries,garnish
,,Virgin Mango Colada,2 oz,pineapple juice,
,,,1 oz,coconut cream,
,,,1 oz,half & half cream,
,,,0.5,mango,
,,,1 cup,crushed ice,
,,,1,blender,blend
,,,1,highball glass,glass
,,,1,pineapple flag,garnish
,,Virgin Banana Colada,2 oz,pineapple juice,
,,,1 oz,coconut cream,
,,,1 oz,half & half cream,
,,,0.5,banana,
,,,1 cup,crushed ice,
,,,1,blender,blend
,,,1,highball glass,glass
,,,1,pineapple flag,garnish
,,Virgin Mango Daiquiri,0.5,mango,
,,,3 oz,lime juice,
,,,0.5 oz,simple syrup,
,,,1 cup,crushed ice,
,,,1,blender,blend
,,,1,highball glass,glass
,,,1,strawberries,garnish
,,Virgin Banana Daiquiri,0.5,banana,
,,,3 oz,lime juice,
,,,0.5 oz,simple syrup,
,,,1 cup,crushed ice,
,,,1,blender,blend
,,,1,highball glass,glass
,,,1,strawberries,garnish
,Frozen Mocktails II,Big Wave Surfer,2 oz,orange juice,
,,,2 oz,pineapple juice,
,,,1 oz,strawberry puree,
,,,1,kiwi,
,,,1 cup,crushed ice,
,,,1,blender,blend
,,,1,highball glass,glass
,,,1,kiwi slice,garnish
,,Banana Berry,4 oz,red cranberry juice,
,,,1 scoop,orange sherbet,
,,,0.5,banana,
,,,1 cup,crushed ice,
,,,0.5,lime,
,,,1,blender,blend
,,,1,highball glass,glass
,,,1,lime wheel,garnish
,,Strawberry Sensation,2 oz,strawberry puree,
,,,2 oz,pineapple juice,
,,,2 oz,orange juice,
,,,1,egg white,
,,,1 tsp,honey,
,,,1 cup,crushed ice,
,,,1,blender,blend
,,,1,highball glass,glass
,,,1,strawberries,garnish
,,Strawberry Lassi,2 oz,plain yogurt,
,,,4 oz,water,
,,,1 oz,honey,
,,,4,strawberries,
,,,1,blender,blend
,,,1 cup,crushed ice,
,,,1,highball glass,glass
,,,2 to 3,rose petals,garnish
,,,1 sprig,mint,garnish
,,Broken Screwdriver,2 oz,orange juice,
,,,2 scoops,orange sherbet,
,,,1,blender,blend
,,,1,highball glass,glass
,,,1,orange boat,garnish
,Frozen Mocktails III,Orange Raz Smoothie,12 to 15,raspberries,
,,,2 oz,orange juice,
,,,4 oz,plain yogurt,
,,,1,blender,blend
,,,1 cup,crushed ice,
,,,1,highball glass,glass
,,,1 sprig,mint,garnish
,,Hawaiian Gold Smoothie,3 oz,pineapple juice,
,,,3 oz,white grapefruit juice,
,,,1.5 oz,coconut cream,
,,,1,blender,blend
,,,1 cup,crushed ice,
,,,1,highball glass,glass
,,,1,pineapple wedge,garnish
,,Cookies Gone Bananas,2 oz,milk,
,,,2 scoops,cookie dough ice cream,
,,,1 oz,chocolate syrup,
,,,2 dashes,cinnamon,
,,,0.5,banana,
,,,1 oz,espresso,
,,,1,blender,blend
,,,1 cup,crushed ice,
,,,1,highball glass,glass
,,,some,nutmeg,garnish
,,,1,banana slice,garnish
,,Ice Cream Sandwich,3 oz,milk,
,,,0.5 tsp,vanilla extract,
,,,2 scoops,vanilla ice cream,
,,,3,Oreo cookies,
,,,1 cup,crushed ice,
,,,1,blender,blend
,,,1,highball glass,glass
,,,1,Oreo cookies,garnish
Martinis,Classic Martinis,Classic Gin Martini,some,ice cubes,ice
,,,2.5 oz,gin,
,,,0.5 oz,dry vermouth,
,,,1,cocktail glass,glass
,,,3,cocktail olives,garnish
,,Classic Vodka Martini,some,ice cubes,ice
,,,2.5 oz,vodka,
,,,0.5 oz,dry vermouth,
,,,1,cocktail glass,glass
,,,1,lemon twist,garnish
,,Gibson,some,ice cubes,ice
,,,2.5 oz,gin,
,,,0.5 oz,dry vermouth,
,,,1,cocktail glass,glass
,,,1,cocktail onions,garnish
,,Dirty Martini,some,ice cubes,ice
,,,2.5 oz,gin,
,,,0.5 oz,dry vermouth,
,,,0.5 oz,olive brine,
,,,1,cocktail glass,glass
,,,3,cocktail olives,garnish
,,Vesper,some,ice cubes,ice
,,,1.5 oz,gin,
,,,0.5 oz,vodka,
,,,0.25 oz,dry vermouth,
,,,5-10 sec,shake,shake
,,,1,cocktail glass,glass
,,,1,lemon twist,garnish
,Classic Cocktail Martinis,Scarlet O'Hara,some,ice cubes,ice
,,,2 oz,Southern Comfort,
,,,3 oz,red cranberry juice,
,,,0.25,lime,
,,,5-10 sec,shake,shake
,,,1,cocktail glass,glass
,,,3,cranberries,garnish
,,Sidecar,1,superfine sugar rim,garnish
,,,1,cocktail glass,glass
,,,some,ice cubes,ice
,,,1.5 oz,cognac,
,,,1 oz,triple sec,
,,,0.25,lemon,
,,,5-10 sec,shake,shake
,,,1 oz,sparkling water,
,,Blue Blazer,2 oz,scotch,
,,,2 tsp,honey,
,,,0.25,lemon,
,,,1 oz,boiling water,
,,,1,cocktail glass,glass
,,,1,lemon spiral,garnish
,,Between the Sheets,some,ice cubes,ice
,,,1 oz,rum,
,,,1 oz,cognac,
,,,0.5 oz,triple sec,
,,,1 oz,water,
,,,0.25,lemon,
,,,0.25 oz,simple syrup,
,,,5-10 sec,shake,shake
,,,1,cocktail glass,glass
,,,1,orange spiral,garnish
,,Cable Car,some,ice cubes,ice
,,,1.5 oz,spiced rum,
,,,1 oz,triple sec,
,,,0.25,lemon,
,,,0.25 oz,simple syrup,
,,,0.5,egg white,
,,,5-10 sec,shake,shake
,,,1,cocktail glass,glass
,,,1,lemon twist,garnish
,Manhattans,Classic Manhattan,some,ice cubes,ice
,,,2.5 oz,bourbon,
,,,0.5 oz,sweet vermouth,
,,,1,cocktail glass,glass
,,,1,maraschino cherries,garnish
,,Rob Roy,some,ice cubes,ice
,,,2.5 oz,scotch,
,,,0.5 oz,sweet vermouth,
,,,1,cocktail glass,glass
,,,1,maraschino cherries,garnish
,,"New York, New York",some,ice cubes,ice
,,,2.5 oz,bourbon,
,,,0.5 oz,grenadine,
,,,0.5,lemon,
,,,5-10 sec,shake,shake
,,,1,cocktail glass,glass
,,,1,orange spiral,garnish
,,Martinez,some,ice cubes,ice
,,,1.5 oz,gin,
,,,0.5 oz,sweet vermouth,
,,,0.5 oz,triple sec,
,,,1,cocktail glass,glass
,,,1,orange spiral,garnish
,Cosmopolitans,Cosmopolitan,some,ice cubes,ice
,,,1.25 oz,vodka,
,,,0.75 oz,triple sec,
,,,3 oz,red cranberry juice,
,,,0.5,lime,
,,,5-10 sec,shake,shake
,,,1,cocktail glass,glass
,,,1,orange spiral,garnish
,,Metropolitan,some,ice cubes,ice
,,,1.25 oz,currant vodka,
,,,0.75 oz,triple sec,
,,,3 oz,red cranberry juice,
,,,0.5,lime,
,,,5-10 sec,shake,shake
,,,1,cocktail glass,glass
,,,1,orange spiral,garnish
,,Blue Cosmopolitan,some,ice cubes,ice
,,,1.25 oz,vodka,
,,,0.75 oz,blue curacao,
,,,3 oz,white cranberry juice,
,,,0.5,lime,
,,,5-10 sec,shake,shake
,,,1,cocktail glass,glass
,,,1,orange spiral,garnish
,,Razzmopolitan,some,ice cubes,ice
,,,1.25 oz,raspberry vodka,
,,,0.75 oz,triple sec,
,,,3 oz,red cranberry juice,
,,,0.5,lime,
,,,5-10 sec,shake,shake
,,,1,cocktail glass,glass
,,,3,raspberries,garnish
,,Crantini,some,ice cubes,ice
,,,1.25 oz,vodka,
,,,0.75 oz,lime cordial,
,,,3 oz,red cranberry juice,
,,,0.5,lime,
,,,5-10 sec,shake,shake
,,,1,cocktail glass,glass
,,,1,orange spiral,garnish
,,White Cosmopolitan,some,ice cubes,ice
,,,1.25 oz,vodka,
,,,0.75 oz,triple sec,
,,,3 oz,white cranberry juice,
,,,0.5,lime,
,,,5-10 sec,shake,shake
,,,1,cocktail glass,glass
,,,1,orange spiral,garnish
,,Apri-cosmo,some,ice cubes,ice
,,,1.25 oz,vodka,
,,,0.75 oz,apricot brandy,
,,,3 oz,red cranberry juice,
,,,0.5,lime,
,,,5-10 sec,shake,shake
,,,1,cocktail glass,glass
,,,1,orange spiral,garnish
,,Grand Cosmopolitan,some,ice cubes,ice
,,,1.25 oz,vodka,
,,,0.75 oz,Grand Marnier,
,,,3 oz,red cranberry juice,
,,,0.5,lime,
,,,5-10 sec,shake,shake
,,,1,cocktail glass,glass
,,,1,orange spiral,garnish
,Sour Martinis,Sour Apple Martini,some,ice cubes,ice
,,,1.25 oz,vodka,
,,,0.75 oz,sour apple liqueur,
,,,3 oz,apple juice,
,,,0.5,lime,
,,,5-10 sec,shake,shake
,,,1,cocktail glass,glass
,,,1,lime wheel,garnish
,,Sour Peach Martini,some,ice cubes,ice
,,,1.25 oz,vodka,
,,,0.75 oz,sour peach liqueur,
,,,3 oz,pineapple juice,
,,,0.5,lime,
,,,5-10 sec,shake,shake
,,,1,cocktail glass,glass
,,,1,peach slice,garnish
,,Sour Raspberry Martini,some,ice cubes,ice
,,,1.25 oz,vodka,
,,,0.75 oz,sour raspberry liqueur,
,,,3 oz,red cranberry juice,
,,,0.5 oz,lime,
,,,5-10 sec,shake,shake
,,,1,cocktail glass,glass
,,,3,raspberries,garnish
,,Sour Blueberry Martini,some,ice cubes,ice
,,,1.25 oz,vodka,
,,,0.75 oz,sour blueberry liqueur,
,,,3 oz,white cranberry juice,
,,,0.5,lime,
,,,5-10 sec,shake,shake
,,,1,cocktail glass,glass
,,,5,blueberries,garnish
,Springtime in Paris,PS I Love You,some,ice cubes,ice
,,,1 oz,amber rum,
,,,0.5 oz,Baileys,
,,,0.5 oz,Kahlua,
,,,0.5 oz,amaretto,
,,,2 oz,half & half cream,
,,,5-10 sec,shake,shake
,,,1,cocktail glass,glass
,,,1,maraschino cherries,garnish
,,,sprinkle,cinammon,garnish
,,Passion Fruit Martini,some,ice cubes,ice
,,,1.5 oz,vodka,
,,,1 oz,passion fruit liqueur,
,,,3 oz,apple juice,
,,,0.5,egg white,
,,,0.5,passion fruit,
,,,5-10 sec,shake,shake
,,,1,cocktail glass,glass
,,,1,orange spiral,garnish
,,Cupid's Arrow,some,ice cubes,ice
,,,1.5 oz,citrus vodka,
,,,1 oz,sloe gin,
,,,0.5,lime,
,,,5-10 sec,shake,shake
,,,1,cocktail glass,glass
,,,3,raspberries,garnish
,,Rose Petal,some,ice cubes,ice
,,,1.5 oz,vodka,
,,,0.5 oz,white creme de cacao,
,,,0.5 oz,lychee liqueur,
,,,0.25 oz,grenadine,
,,,5-10 sec,shake,shake
,,,1,cocktail glass,glass
,,,1,rose petals,garnish
,Chocolate Martinis,Classic Chocolate Martini,1,cocoa power rim,garnish
,,,1,cocktail glass,glass
,,,some,ice cubes,ice
,,,1.75 oz,vodka,
,,,0.75 oz,white creme de cacao,
,,,5-10 sec,shake,shake
,,,1,maraschino cherries,garnish
,,Vanilla Chocolate Martini,some,ice cubes,ice
,,,1.75 oz,vanilla vodka,
,,,0.75 oz,white creme de cacao,
,,,5-10 sec,shake,shake
,,,1,cocktail glass,glass
,,,1,maraschino cherries,garnish
,,White Chocolate Martini,some,ice cubes,ice
,,,1.5 oz,vanilla vodka,
,,,0.5 oz,white creme de cacao,
,,,0.5 oz,Baileys,
,,,5-10 sec,shake,shake
,,,1,cocktail glass,glass
,,,1,maraschino cherries,garnish
,,Chocolate Mint Martini,some,ice cubes,ice
,,,1.5 oz,vanilla vodka,
,,,0.5 oz,white creme de cacao,
,,,0.5 oz,white creme de menthe,
,,,5-10 sec,shake,shake
,,,1,cocktail glass,glass
,,,1,maraschino cherries,garnish
,,,1 sprig,mint,garnish
,,Raspberry Chocolate Martini,1,cocoa power rim,garnish
,,,1,cocktail glass,glass
,,,some,ice cubes,ice
,,,1.75 oz,raspberry vodka,
,,,0.75 oz,white creme de cacao,
,,,5-10 sec,shake,shake
,,,3,raspberries,garnish
,Lychee Martinis,Classic Lychee Martini,some,ice cubes,ice
,,,1.75 oz,vodka,
,,,0.75 oz,lychee liqueur,
,,,1 oz,lychee syrup,
,,,5-10 sec,shake,shake
,,,1,cocktail glass,glass
,,,1,lychee,garnish
,,Lychee Pinetini,some,ice cubes,ice
,,,1.75 oz,vodka,
,,,0.75 oz,lychee liqueur,
,,,2 oz,pineapple juice,
,,,0.5,lime,
,,,5-10 sec,shake,shake
,,,1,cocktail glass,glass
,,,1,maraschino cherries,garnish
,,Cosmopo-lychee,some,ice cubes,ice
,,,1.75 oz,vodka,
,,,0.75 oz,lychee liqueur,
,,,3 oz,red cranberry juice,
,,,0.5,lime,
,,,5-10 sec,shake,shake
,,,1,cocktail glass,glass
,,,1,lychee,garnish
,,Meloncholy-chee,some,ice cubes,ice
,,,1.5 oz,vodka,
,,,0.5 oz,lychee liqueur,
,,,0.5 oz,Midori melon liqueur,
,,,2 oz,pineapple juice,
,,,5-10 sec,shake,shake
,,,1,cocktail glass,glass
,,,1,maraschino cherries,garnish
,Asian-Inspired Martinis,Japanese Slipper Martini,1,superfine sugar rim,garnish
,,,1,cocktail glass,glass
,,,some,ice cubes,ice
,,,1.75 oz,tequila,
,,,0.75 oz,Midori melon liqueur,
,,,0.5 oz,simple syrup,
,,,0.5 oz,lemon,
,,,5-10 sec,shake,shake
,,Sake-tini,some,ice cubes,ice
,,,1.5 oz,sake,
,,,0.5 oz,gin,
,,,0.5 oz,triple sec,
,,,1,cocktail glass,glass
,,,1,orange spiral,garnish
,,Lotus Martini,some,ice cubes,ice
,,,2 oz,gin,
,,,0.5 oz,blue curacao,
,,,2 oz,lychee syrup,
,,,0.5 oz,grenadine,
,,,5-10 sec,shake,shake
,,,1,cocktail glass,glass
,,,1 sprig,mint,garnish
,,Asian Pear Martini,some,ice cubes,ice
,,,1.5 oz,sake,
,,,1 oz,Asian pear liqueur,
,,,1 oz,apple juice,
,,,0.5,lemon,
,,,1,cocktail glass,glass
,,,1,pear slice,garnish
,Fruity Martinis I,Banana Popsicle Martini,some,ice cubes,ice
,,,1 oz,banana liqueur,
,,,1 oz,blue curacao,
,,,3 oz,white cranberry juice,
,,,5-10 sec,shake,shake
,,,1,cocktail glass,glass
,,,1,banana slice,garnish
,,Lemon Drop Martini,1,superfine sugar rim,garnish
,,,1,cocktail glass,glass
,,,some,ice cubes,ice
,,,2 oz,citrus vodka,
,,,0.5 oz,triple sec,
,,,0.5,lemon,
,,,5-10 sec,shake,shake
,,,1,lemon wheel,garnish
,,Melon Ball Martini,some,ice cubes,ice
,,,1.75 oz,citrus vodka,
,,,0.75 oz,Midori melon liqueur,
,,,3 oz,orange juice,
,,,5-10 sec,shake,shake
,,,1,cocktail glass,glass
,,,1,orange flag,garnish
,,Candy Apple Martini,some,ice cubes,ice
,,,1.5 oz,green apple vodka,
,,,0.5 oz,sour apple liqueur,
,,,0.5 oz,butterscotch schnapps,
,,,3 oz,apple juice,
,,,5-10 sec,shake,shake
,,,1,cocktail glass,glass
,,,1,apple slice,garnish
,,Electric Banana Popsicle Martini,some,ice cubes,ice
,,,1.5 oz,vodka,
,,,0.5 oz,banana liqueur,
,,,0.5 oz,blue curacao,
,,,3 oz,white cranberry juice,
,,,5-10 sec,shake,shake
,,,1,cocktail glass,glass
,,,1,banana slice,garnish
,,Candy Apple Tart Martini,some,ice cubes,ice
,,,1.5 oz,green apple vodka,
,,,0.5 oz,sour apple liqueur,
,,,0.5 oz,butterscotch schnapps,
,,,3 oz,red cranberry juice,
,,,5-10 sec,shake,shake
,,,1,cocktail glass,glass
,,,1,apple slice,garnish
,Fruity Martinis I,Jolly Rancher Martini,some,ice cubes,ice
,,,1 oz,raspberry vodka,
,,,0.5 oz,sour apple liqueur,
,,,0.5 oz,sour raspberry liqueur,
,,,0.5 oz,banana liqueur,
,,,3 oz,red cranberry juice,
,,,5-10 sec,shake,shake
,,,1,cocktail glass,glass
,,,1,lemon wheel,garnish
,,Raspberry Tartini,some,ice cubes,ice
,,,1.5 oz,raspberry vodka,
,,,0.5 oz,Chambord,
,,,0.5 oz,sour raspberry liqueur,
,,,3 oz,red cranberry juice,
,,,0.5,lime,
,,,5-10 sec,shake,shake
,,,1,cocktail glass,glass
,,,3,raspberries,garnish
,,Saturn's Moons,some,ice cubes,ice
,,,2 oz,citrus vodka,
,,,2 oz,Chardonnay,
,,,1.5 oz,white grape juice,
,,,1 tsp,honey,
,,,5-10 sec,shake,shake
,,,1,cocktail glass,glass
,,,3,grapes,garnish
,,Tropical Cream Martini,some,ice cubes,ice
,,,0.5 oz,vodka,
,,,0.5 oz,Midori melon liqueur,
,,,0.5 oz,peach schnapps,
,,,0.5 oz,coconut rum,
,,,0.5 oz,Frangelico,
,,,2 oz,orange juice,
,,,1 oz,half & half cream,
,,,5-10 sec,shake,shake
,,,1,cocktail glass,glass
,,,1,kiwi wheel,garnish
,Cake and Pie Martinis,Black Forest Cake Martini,some,ice cubes,ice
,,,1.5 oz,vodka,
,,,0.5 oz,white creme de cacao,
,,,0.5 oz,Chambord,
,,,1.5 oz,half & half cream,
,,,5-10 sec,shake,shake
,,,1,cocktail glass,glass
,,,some,nutmeg,garnish
,,Key Lime Pie Martini,1,crushed graham cracker rim,garnish
,,,1,cocktail glass,glass
,,,some,ice cubes,ice
,,,2 oz,vanilla vodka,
,,,0.5 oz,triple sec,
,,,2.5 oz,pineapple juice,
,,,0.5 oz,lime cordial,
,,,0.5,lime,
,,,5-10 sec,shake,shake
,,Apple Pie Martini,some,ice cubes,ice
,,,1.75 oz,vodka,
,,,0.75 oz,Goldschlager,
,,,1.5 oz,apple juice,
,,,1.5 oz,red cranberry juice,
,,,5-10 sec,shake,shake
,,,1,cocktail glass,glass
,,,1,apple slice,garnish
,,Banana Cream Pie,1,crushed graham cracker rim,garnish
,,,1,cocktail glass,glass
,,,some,ice cubes,ice
,,,1 oz,banana liqueur,
,,,1 oz,amaretto,
,,,0.5 oz,Baileys,
,,,1 oz,half & half cream,
,,,5-10 sec,shake,shake
,,,1,banana slice,garnish
,,Apple Pie a la mode Martini,some,ice cubes,ice
,,,1.75 oz,vodka,
,,,0.75 oz,Goldschlager,
,,,1.5 oz,apple juice,
,,,1 oz,half & half cream,
,,,5-10 sec,shake,shake
,,,1,cocktail glass,glass
,,,1,apple slice,garnish
,,,some,cinammon,garnish
,Rum Martinis,redruM Martini,some,ice cubes,ice
,,,1 oz,amber rum,
,,,1 oz,vanilla vodka,
,,,0.5 oz,sloe gin,
,,,0.5,lemon,
,,,5-10 sec,shake,shake
,,,1,cocktail glass,glass
,,,1,maraschino cherries,garnish
,,Azure Martini,some,ice cubes,ice
,,,2 oz,spiced rum,
,,,0.5 oz,Goldschlager,
,,,2 oz,apple juice,
,,,0.5,lime,
,,,5-10 sec,shake,shake
,,,1,cocktail glass,glass
,,,1,cinammon stick,garnish
,,Bees Knees,1.5 oz,light rum,
,,,1 oz,dark rum,
,,,1 tsp,honey,
,,,some,ice cubes,ice
,,,1.5 oz,orange juice,
,,,0.5 oz,half & half cream,
,,,5-10 sec,shake,shake
,,,1,cocktail glass,glass
,,,1,orange spiral,garnish
,,Bella Donna,some,ice cubes,ice
,,,1.5 oz,dark rum,
,,,1 oz,amaretto,
,,,1 oz,water,
,,,0.5 oz,simple syrup,
,,,0.5,lemon,
,,,5-10 sec,shake,shake
,,,1,cocktail glass,glass
,,,1,cinammon stick,garnish
,French Riviera Martinis,French Martini,some,ice cubes,ice
,,,1.75 oz,raspberry vodka,
,,,0.75 oz,Chambord,
,,,3 oz,pineapple juice,
,,,5-10 sec,shake,shake
,,,1,cocktail glass,glass
,,,3,raspberries,garnish
,,Baby Blue Martini,some,ice cubes,ice
,,,1.75 oz,gin,
,,,0.75 oz,blue curacao,
,,,1.5 oz,pineapple juice,
,,,1.5 oz,pink grapefruit juice,
,,,5-10 sec,shake,shake
,,,1,cocktail glass,glass
,,,1,orange twist,garnish
,,Baby Doll Martini,some,ice cubes,ice
,,,1.75 oz,gin,
,,,0.75 oz,triple sec,
,,,1.5 oz,pineapple juice,
,,,1.5 oz,pink grapefruit juice,
,,,5-10 sec,shake,shake
,,,1,cocktail glass,glass
,,,1,orange twist,garnish
,,Bellini-tini,some,ice cubes,ice
,,,1.75 oz,vodka,
,,,0.75 oz,peach schnapps,
,,,3 oz,white cranberry juice,
,,,5-10 sec,shake,shake
,,,1,cocktail glass,glass
,,,1,peach slice,garnish
,,Bikini Martini,some,ice cubes,ice
,,,1.5 oz,gin,
,,,0.5 oz,blue curacao,
,,,0.5 oz,peach schnapps,
,,,0.5,lemon,
,,,5-10 sec,shake,shake
,,,1,cocktail glass,glass
,,,1,orange spiral,garnish
,Coffee Martinis,Espresso Martini,some,ice cubes,ice
,,,1.5 oz,vodka,
,,,1 oz,Kahlua,
,,,1 oz,espresso,
,,,0.5 oz,simple syrup,
,,,5-10 sec,shake,shake
,,,1,cocktail glass,glass
,,,3,espresso beans,garnish
,,Raspberry Mochatini,some,ice cubes,ice
,,,1.5 oz,raspberry vodka,
,,,0.5 oz,dark creme de cacao,
,,,0.5 oz,Chambord,
,,,1 oz,espresso,
,,,5-10 sec,shake,shake
,,,1,cocktail glass,glass
,,,3,raspberries,garnish
,,Russians on Alert,some,ice cubes,ice
,,,1.5 oz,vodka,
,,,1 oz,Kahlua,
,,,1 oz,espresso,
,,,5-10 sec,shake,shake
,,,1,cocktail glass,glass
,,,1,maraschino cherries,garnish
,,Toasted Almond Martini,some,ice cubes,ice
,,,1.5 oz,amaretto,
,,,1 oz,Kahlua,
,,,1.5 oz,half & half cream,
,,,5-10 sec,shake,shake
,,,1,cocktail glass,glass
,,,1,maraschino cherries,garnish
,Alexanders,Brandy Alexander,some,ice cubes,ice
,,,1.75 oz,brandy,
,,,0.75 oz,dark creme de cacao,
,,,1.5 oz,half & half cream,
,,,5-10 sec,shake,shake
,,,1,cocktail glass,glass
,,,some,nutmeg,garnish
,,Gin Alexander,some,ice cubes,ice
,,,1.75 oz,gin,
,,,0.75 oz,white creme de cacao,
,,,1.5 oz,half & half cream,
,,,5-10 sec,shake,shake
,,,1,cocktail glass,glass
,,,some,nutmeg,garnish
,,Barbary Coast,some,ice cubes,ice
,,,1 oz,scotch,
,,,0.75 oz,gin,
,,,0.75 oz,white creme de cacao,
,,,1.5 oz,half & half cream,
,,,5-10 sec,shake,shake
,,,1,cocktail glass,glass
,,,some,cinnamon,garnish
,,Bird of Paradise,some,ice cubes,ice
,,,1 oz,tequila,
,,,1 oz,white creme de cacao,
,,,0.5 oz,amaretto,
,,,1.5 oz,half & half cream,
,,,5-10 sec,shake,shake
,,,1,cocktail glass,glass
,,,some,nutmeg,garnish
